Fold,Model,Accuracy,Balanced Accuracy,ROC AUC,Log Loss
1,TabPFN,0.5892857142857143,0.5773737373737373,0.8623410432830723,0.9790127209943432
1,NaiveBayes,0.5297619047619048,0.5254545454545455,0.8181677890011223,1.320793988987711
2,TabPFN,0.5952380952380952,0.5841414141414141,0.8557796564680622,0.9863627215177241
2,NaiveBayes,0.5059523809523809,0.5025252525252525,0.8209183623676377,1.3345710804230773
3,TabPFN,0.5568862275449101,0.5488786482334869,0.8524969462551949,1.0198916644352922
3,NaiveBayes,0.46706586826347307,0.4660354699064377,0.8125091924982888,1.378093704453982
4,TabPFN,0.5773809523809523,0.5671717171717172,0.8635963499731616,0.9913368626793276
4,NaiveBayes,0.48214285714285715,0.47727272727272724,0.8123416532474504,1.3434342322951902
5,TabPFN,0.5654761904761905,0.5567676767676767,0.8441408041770361,1.0644426063303132
5,NaiveBayes,0.4523809523809524,0.44848484848484843,0.7963132533060069,1.4739315093095469
6,TabPFN,0.5269461077844312,0.5160620025136154,0.8596976458548579,0.985625282804837
6,NaiveBayes,0.5449101796407185,0.5417511520737327,0.8406244799315971,1.1857784277056624
7,TabPFN,0.5595238095238095,0.5451515151515152,0.8624111891865514,0.9705006033989327
7,NaiveBayes,0.5,0.4953535353535353,0.8244718928414579,1.2897264431029782
8,TabPFN,0.5654761904761905,0.5585858585858585,0.8602162933684674,1.0340988604859516
8,NaiveBayes,0.5297619047619048,0.5291919191919192,0.8170086126970185,1.366322082394038
9,TabPFN,0.5329341317365269,0.5239882697947215,0.8472397193656646,1.0280409093311875
9,NaiveBayes,0.48502994011976047,0.47624074849881304,0.7877150792036516,1.5147454729838172
10,TabPFN,0.5297619047619048,0.5178787878787878,0.8510564583028352,1.0159455908842656
10,NaiveBayes,0.49404761904761907,0.492020202020202,0.7953915971307276,1.4641905141396148
11,TabPFN,0.5714285714285714,0.5574747474747475,0.870634850924706,0.9555202474566461
11,NaiveBayes,0.5297619047619048,0.5255555555555557,0.8175162250524568,1.3133375731482788
12,TabPFN,0.5449101796407185,0.5371484429548945,0.853143046074735,0.9980349855836316
12,NaiveBayes,0.5329341317365269,0.5276749057394219,0.8195579956497854,1.330381752553477
13,TabPFN,0.5178571428571429,0.5091919191919192,0.8424658419948274,1.0558422092314952
13,NaiveBayes,0.44642857142857145,0.44070707070707077,0.7980121260918362,1.4220069241783155
14,TabPFN,0.5952380952380952,0.5833333333333333,0.8756527838774216,0.94881115031305
14,NaiveBayes,0.5059523809523809,0.5009090909090909,0.8286912604303909,1.2128260518714615
15,TabPFN,0.5568862275449101,0.5476274263371038,0.8444117175035638,1.0402338051001094
15,NaiveBayes,0.47904191616766467,0.4774640413350091,0.8127236283404683,1.333965857649901
16,TabPFN,0.5714285714285714,0.5594949494949495,0.8654161176987264,0.9814478950342534
16,NaiveBayes,0.5059523809523809,0.4991919191919192,0.8022450348899625,1.460253817651488
17,TabPFN,0.5238095238095238,0.5142424242424243,0.8427597228321865,1.0784844754696141
17,NaiveBayes,0.4226190476190476,0.42151515151515156,0.7651428536573465,1.6705369478612053
18,TabPFN,0.5568862275449101,0.5515263231392263,0.8545666287699479,1.0090865800655826
18,NaiveBayes,0.46706586826347307,0.4610082390727552,0.8000829062749535,1.3138708341251755
19,TabPFN,0.5119047619047619,0.49989898989898995,0.8348100570926658,1.074803940663102
19,NaiveBayes,0.4642857142857143,0.45999999999999996,0.7891501976284585,1.511631253666249
20,TabPFN,0.6130952380952381,0.6005050505050505,0.8861288000780755,0.8990915927712906
20,NaiveBayes,0.5416666666666666,0.5322222222222222,0.8184353193773484,1.3018616656642248
21,TabPFN,0.5269461077844312,0.5171009635525764,0.8610466041364679,1.0062723841861756
21,NaiveBayes,0.48502994011976047,0.4798380114509147,0.7980408763496645,1.413685479351501
22,TabPFN,0.5476190476190477,0.5340404040404041,0.8615606548577563,0.9946610128313113
22,NaiveBayes,0.5238095238095238,0.5184848484848485,0.8225369638413117,1.2602509767066916
23,TabPFN,0.5297619047619048,0.5211111111111111,0.8521789147513786,1.0201873579705498
23,NaiveBayes,0.48214285714285715,0.47696969696969704,0.7953252330063925,1.487781957502401
24,TabPFN,0.5748502994011976,0.5682334869431643,0.858411863892053,0.9999441682168906
24,NaiveBayes,0.5269461077844312,0.5236922217567378,0.8296264567892198,1.2398552779628813
25,TabPFN,0.5714285714285714,0.563939393939394,0.8750839310984239,0.9513125035953669
25,NaiveBayes,0.42857142857142855,0.4255555555555556,0.7922139267066803,1.4994807570431894
26,TabPFN,0.5476190476190477,0.5335353535353535,0.8394139462255403,1.0326435355565715
26,NaiveBayes,0.48214285714285715,0.47838383838383836,0.7757445225198848,1.5812268861870744
27,TabPFN,0.5988023952095808,0.5930009775171066,0.8659300714201731,0.9753292429076946
27,NaiveBayes,0.5149700598802395,0.5145650048875856,0.8086648437989457,1.4016154937444871
28,TabPFN,0.5476190476190477,0.5346464646464646,0.8616352535011955,0.9898577101721477
28,NaiveBayes,0.5297619047619048,0.527878787878788,0.8278647586980922,1.2634551328093553
29,TabPFN,0.5654761904761905,0.5578787878787879,0.836247133167423,1.0774590797504546
29,NaiveBayes,0.43452380952380953,0.4350505050505051,0.7788697360074173,1.598141498218508
30,TabPFN,0.5508982035928144,0.5424717218265604,0.8429377110847842,1.0457240966659505
30,NaiveBayes,0.46706586826347307,0.4659460969138388,0.7918683719822239,1.481954227209194
31,TabPFN,0.5476190476190477,0.5356565656565657,0.8640219831161859,0.9776796528155693
31,NaiveBayes,0.5,0.4932323232323233,0.8127049480310351,1.3210112031316423
32,TabPFN,0.5654761904761905,0.5573737373737374,0.8501409017713367,1.0450792238973146
32,NaiveBayes,0.47619047619047616,0.4727272727272728,0.7979713804713804,1.4628282055789659
33,TabPFN,0.562874251497006,0.5561569613182517,0.8587474086233609,0.9985099399119605
33,NaiveBayes,0.5089820359281437,0.5088060326770004,0.8084847902482217,1.4044621136859967
34,TabPFN,0.5297619047619048,0.5217171717171717,0.8576391938710779,0.9928561967606141
34,NaiveBayes,0.4880952380952381,0.4794949494949495,0.7918270872981018,1.4570976946476915
35,TabPFN,0.5416666666666666,0.5314141414141413,0.8657137803152297,0.9939312819073874
35,NaiveBayes,0.5178571428571429,0.5141414141414141,0.8176523691016445,1.3645133625505474
36,TabPFN,0.5449101796407185,0.5371484429548945,0.8494506477690651,1.040874466955524
36,NaiveBayes,0.5149700598802395,0.5098840944002234,0.818266307266987,1.3059197974337002
37,TabPFN,0.5833333333333334,0.5735353535353535,0.8765828575611184,0.9248948729773148
37,NaiveBayes,0.5178571428571429,0.512020202020202,0.8173823988679061,1.2793516510554805
38,TabPFN,0.5357142857142857,0.5245454545454545,0.8527343483140586,1.0275085478057067
38,NaiveBayes,0.5654761904761905,0.5636363636363636,0.8310186405113942,1.3131337720321923
39,TabPFN,0.47904191616766467,0.47295070520876975,0.8346894185520316,1.0798553888693725
39,NaiveBayes,0.46706586826347307,0.4674654377880184,0.7962050077614099,1.4678521244832263
40,TabPFN,0.5476190476190477,0.5358585858585858,0.8484478846435367,1.0355766714420096
40,NaiveBayes,0.4226190476190476,0.4207070707070707,0.7758593178158395,1.5584817973194414
41,TabPFN,0.5833333333333334,0.5700000000000001,0.8678597569901918,0.9554664734888652
41,NaiveBayes,0.5297619047619048,0.5251515151515151,0.8315391841116477,1.2597834326794926
42,TabPFN,0.5449101796407185,0.5371931294511939,0.8524785735189597,1.004272615128091
42,NaiveBayes,0.5269461077844312,0.5256472559698366,0.817496405574091,1.371148984312737
43,TabPFN,0.5833333333333334,0.5708080808080809,0.8658051529790661,0.95949060865757
43,NaiveBayes,0.5178571428571429,0.511919191919192,0.7948758112526229,1.437914365506531
44,TabPFN,0.5892857142857143,0.5807070707070707,0.8512726296784269,1.0234363651265095
44,NaiveBayes,0.5119047619047619,0.5053535353535353,0.811459400770995,1.3809904909890993
45,TabPFN,0.5029940119760479,0.4943331936880324,0.8597818284314644,0.9946298684414382
45,NaiveBayes,0.47305389221556887,0.4666331517944422,0.7979985420000714,1.4628573019175641
46,TabPFN,0.5059523809523809,0.4957575757575758,0.8475323281120384,1.0233869321292215
46,NaiveBayes,0.5119047619047619,0.5077777777777779,0.8107049968281851,1.3367654920835583
47,TabPFN,0.5059523809523809,0.493030303030303,0.842839628165715,1.0512419248650207
47,NaiveBayes,0.43452380952380953,0.427979797979798,0.7670184941199434,1.577563200415112
48,TabPFN,0.6227544910179641,0.6132104454685099,0.8744371509710375,0.9300031737253612
48,NaiveBayes,0.5269461077844312,0.5216142996788158,0.8165344615545698,1.3314949091857364
49,TabPFN,0.5476190476190477,0.5341414141414141,0.8402360562143171,1.0240495646176457
49,NaiveBayes,0.4880952380952381,0.48292929292929293,0.809483970136144,1.3513243276209785
50,TabPFN,0.5238095238095238,0.5163636363636364,0.8477421558580979,1.0299488069306304
50,NaiveBayes,0.47023809523809523,0.46565656565656566,0.7910743912555507,1.4760538822193188
51,TabPFN,0.5688622754491018,0.5600055858120374,0.8471763996008523,1.0114407831734253
51,NaiveBayes,0.48502994011976047,0.47836335707303446,0.7843653513403436,1.5004024006270889
52,TabPFN,0.5297619047619048,0.5147474747474747,0.8646582979553994,0.9695237611981435
52,NaiveBayes,0.47619047619047616,0.47444444444444445,0.8023858146684233,1.4469492724920006
53,TabPFN,0.49404761904761907,0.48383838383838385,0.8293390425999121,1.0817057966178047
53,NaiveBayes,0.49404761904761907,0.48737373737373735,0.7806666910652418,1.556276412137073
54,TabPFN,0.5449101796407185,0.5379751431364335,0.854243877093009,0.9982189838545713
54,NaiveBayes,0.47305389221556887,0.4720067029744449,0.7937529711407476,1.4788758263469208
55,TabPFN,0.4880952380952381,0.47898989898989897,0.8346346313375299,1.0674435719904969
55,NaiveBayes,0.4642857142857143,0.4646464646464647,0.7899052115356463,1.5804160679728418
56,TabPFN,0.5178571428571429,0.5038383838383839,0.845723173766652,1.0278362998287227
56,NaiveBayes,0.44642857142857145,0.4421212121212121,0.7841888693700289,1.495665970308198
57,TabPFN,0.5988023952095808,0.5903086161150677,0.8784532658425999,0.9357683919972053
57,NaiveBayes,0.4550898203592814,0.4520485965647256,0.8059413999766317,1.4096293287173778
58,TabPFN,0.5892857142857143,0.5784848484848485,0.8562542087542088,1.021487086979066
58,NaiveBayes,0.48214285714285715,0.47555555555555556,0.8086212365197871,1.4234947165671445
59,TabPFN,0.625,0.6164646464646464,0.866257624554726,0.9842974573614588
59,NaiveBayes,0.4166666666666667,0.41828282828282826,0.7923576343141561,1.4902544007476408
60,TabPFN,0.49700598802395207,0.48935623516268684,0.8399035705672823,1.0665183771552997
60,NaiveBayes,0.5089820359281437,0.5074654377880183,0.816246332471799,1.3375165177230228
